Workbook

Sheet HUONG_DAN
A1: CẢNH GIÁC ONLINE - BỘ THEO DÕI THỰC NGHIỆM
A3: Mục đích | B3: Theo dõi Pre-test/Post-test cho nhóm thực nghiệm và đối chứng.
A4: Cỡ mẫu mẫu | B4: 60 học sinh: 30 thực nghiệm + 30 đối chứng.
A5: Quy tắc mã | B5: Chỉ dùng mã TN_01...TN_30 và DC_01...DC_30; không ghi họ tên trong app.
A6: Nhập liệu | B6: Dán điểm Pre/Post thật vào sheet KET_QUA; các cột chênh lệch và bảng tổng hợp sẽ tự tính.
A7: Lưu ý | B7: Không dùng số liệu minh họa làm kết quả nghiên cứu chính thức.

Sheet MA_HOC_SINH
A1: Mã HS | B1: Nhóm | C1: Hoạt động | D1: Ghi chú
A2: TN_01 | B2: Thực nghiệm | C2: Có
A3: TN_02 | B3: Thực nghiệm | C3: Có
A4: TN_03 | B4: Thực nghiệm | C4: Có
A5: TN_04 | B5: Thực nghiệm | C5: Có
A6: TN_05 | B6: Thực nghiệm | C6: Có
A7: TN_06 | B7: Thực nghiệm | C7: Có
A8: TN_07 | B8: Thực nghiệm | C8: Có
A9: TN_08 | B9: Thực nghiệm | C9: Có
A10: TN_09 | B10: Thực nghiệm | C10: Có
A11: TN_10 | B11: Thực nghiệm | C11: Có
A12: TN_11 | B12: Thực nghiệm | C12: Có
A13: TN_12 | B13: Thực nghiệm | C13: Có
... A61: DC_30 | B61: Đối chứng | C61: Có

Sheet PRE_TEST
A1: Mã câu | B1: Cấu phần | C1: Câu hỏi | D1: A | E1: B | F1: C | G1: D | H1: Đáp án
A2: PRE01 | B2: Trúng thưởng/quà tặng | C2: Bạn nhận tin: “Chúc mừng bạn trúng tai nghe, bấm link và đóng 30.000đ phí nhận quà”. Bạn nên làm gì? | D2: Bấm link vì phí nhỏ | E2: Chuyển phí để giữ quà | F2: Không bấm link, kiểm tra chương trình trên kênh chính thức | G2: Gửi cho bạn bè cùng nhận | H2: C
A3: PRE02 | B3: Trúng thưởng/quà tặng | C3: Một tài khoản lạ nhắn bạn được nhận voucher 1 triệu nhưng phải nhập thông tin thẻ. Dấu hiệu đáng ngờ nhất là gì? | D3: Voucher có giá trị lớn | E3: Yêu cầu nhập thông tin thẻ để nhận quà bất ngờ | F3: Tin nhắn gửi buổi tối | G3: Có từ “voucher” | H3: B
A4: PRE03 | B4: OTP/mật khẩu | C4: Người tự xưng nhân viên ngân hàng hỏi mã OTP để “hủy giao dịch lạ”. Bạn nên làm gì? | D4: Gửi OTP vì để hủy giao dịch | E4: Không cung cấp OTP; tự gọi số chính thức của ngân hàng | F4: Gửi một nửa mã OTP | G4: Đăng OTP lên nhóm hỏi | H4: B
A5: PRE04 | B5: OTP/mật khẩu | C5: Tin nhắn nào sau đây an toàn hơn? | D5: “Gửi mật khẩu để xác minh tài khoản” | E5: “Nhập OTP vào link này ngay” | F5: “Không chia sẻ OTP hoặc mật khẩu cho bất kỳ ai” | G5: “Cho tôi mã xác thực để mở khóa” | H5: C
A6: PRE05 | B6: Đường link/phishing | C6: Bạn nhận link rút gọn kèm lời nhắn “xem ảnh của bạn ở đây”. Cách xử lý phù hợp nhất? | D6: Mở ngay vì tò mò | E6: Không mở; hỏi người gửi qua kênh khác và kiểm tra nguồn | F6: Đăng nhập bằng tài khoản phụ | G6: Chuyển link cho bạn thử | H6: B
A7: PRE06 | B7: Đường link/phishing | C7: Trang đăng nhập mở từ tin nhắn có địa chỉ gần giống trang thật nhưng sai một ký tự. Bạn nên hiểu thế nào? | D7: Không sao vì giao diện giống | E7: Có thể là trang giả mạo; không nhập thông tin | F7: Chỉ cần nhập tên, không nhập mật khẩu | G7: Dùng nếu có biểu tượng khóa | H7: B
A8: PRE07 | B8: Giả danh người thân | C8: Tài khoản của anh/chị bạn nhắn “anh đang cần tiền gấp, chuyển ngay 2 triệu”. Cách xử lý tốt nhất? | D8: Chuyển ngay vì người nhà | E8: Gọi điện hoặc xác minh bằng kênh khác trước | F8: Hỏi số tài khoản rồi chuyển | G8: Nhắn mã OTP để xác minh | H8: B
A9: PRE08 | B9: Giả danh người thân | C9: Một người dùng ảnh đại diện của bạn thân nhắn xin mã đăng nhập game. Bạn nên làm gì? | D9: Gửi vì đúng ảnh đại diện | E9: Không gửi; xác minh danh tính bằng cách khác | F9: Chỉ gửi 3 số đầu | G9: Cho mượn tài khoản tạm thời | H9: B
A10: PRE09 | B10: Giả danh tổ chức | C10: Tin nhắn tự xưng “cơ quan chức năng” yêu cầu chuyển tiền vào “tài khoản an toàn” để kiểm tra. Bạn nên làm gì? | D10: Làm theo để chứng minh vô tội | E10: Không chuyển tiền; xác minh qua kênh chính thức và báo người lớn | F10: Chuyển một phần trước | G10: Gửi thông tin thẻ để họ kiểm tra | H10: B
A11: PRE10 | B11: Giả danh tổ chức | C11: Một tài khoản giống tên trường yêu cầu đóng học phí vào tài khoản cá nhân trong 15 phút. Cách xử lý? | D11: Chuyển ngay để khỏi trễ | E11: Kiểm tra thông báo chính thức hoặc hỏi giáo viên/nhà trường | F11: Chuyển một nửa | G11: Đăng số tài khoản lên nhóm | H11: B
A12: PRE11 | B12: Việc làm/đầu tư | C12: Tin tuyển cộng tác viên yêu cầu nạp 200.000đ trước rồi hứa hoàn 600.000đ sau nhiệm vụ. Dấu hiệu đáng ngờ? | D12: Có công việc online | E12: Yêu cầu nạp tiền trước để nhận hoa hồng cao | F12: Tin nhắn ngắn | G12: Có số tiền cụ thể | H12: B
... A21: PRE20 | B21: Đánh giá thông điệp an toàn | C21: Khi chưa chắc một tin nhắn có đáng tin hay không, nguyên tắc tốt nhất là gì? | D21: Hành động nhanh để không lỡ cơ hội | E21: Dừng lại, kiểm tra nguồn, xác minh bằng kênh khác rồi mới hành động | F21: Hỏi người gửi xem có thật không là đủ | G21: Chỉ cần xem ảnh đại diện | H21: B

Sheet POST_TEST
A1: Mã câu | B1: Cấu phần | C1: Câu hỏi | D1: A | E1: B | F1: C | G1: D | H1: Đáp án
A2: POST01 | B2: Trúng thưởng/quà tặng | C2: Bạn nhận tin “trúng vé xem phim miễn phí”, yêu cầu thanh toán phí kích hoạt qua link. Bạn nên làm gì? | D2: Thanh toán vì phí nhỏ | E2: Không bấm link; kiểm tra chương trình trên kênh chính thức | F2: Chuyển cho bạn bè cùng thử | G2: Nhập thông tin thẻ trước rồi quyết định | H2: B
A3: POST02 | B3: Trúng thưởng/quà tặng | C3: Một trang lạ nói bạn nhận quà sinh nhật và yêu cầu số thẻ ngân hàng. Dấu hiệu đáng ngờ nhất? | D3: Quà sinh nhật | E3: Yêu cầu thông tin tài chính để nhận quà bất ngờ | F3: Có hình ảnh đẹp | G3: Tin nhắn gửi ban ngày | H3: B
A4: POST03 | B4: OTP/mật khẩu | C4: Người tự xưng hỗ trợ ví điện tử yêu cầu đọc mã xác thực vừa gửi về máy. Bạn nên làm gì? | D4: Đọc mã để được hỗ trợ | E4: Không cung cấp; liên hệ hỗ trợ từ ứng dụng chính thức | F4: Chỉ đọc 4 số đầu | G4: Gửi ảnh màn hình mã | H4: B
A5: POST04 | B5: OTP/mật khẩu | C5: Thông điệp nào sau đây chủ yếu là lời khuyên an toàn? | D5: “Gửi OTP cho tôi để hoàn tiền” | E5: “Không cung cấp mật khẩu hay mã xác thực cho người khác” | F5: “Nhập mật khẩu tại link này” | G5: “Cho tôi mã đăng nhập để kiểm tra” | H5: B
A6: POST05 | B6: Đường link/phishing | C6: Bạn nhận email có nút “Xem điểm thi”, địa chỉ trang mở ra sai chính tả tên miền trường. Bạn nên làm gì? | D6: Đăng nhập vì nội dung liên quan trường | E6: Đóng trang và truy cập cổng chính thức của trường | F6: Thử mật khẩu cũ | G6: Gửi link cho bạn kiểm tra | H6: B
A7: POST06 | B7: Đường link/phishing | C7: Một đường link có giao diện giống ngân hàng nhưng tên miền rất lạ. Điều phù hợp nhất là? | D7: Giao diện giống thì có thể dùng | E7: Không nhập thông tin; tự mở app/website ngân hàng | F7: Chỉ nhập số điện thoại | G7: Dùng nếu trang tải nhanh | H7: B
A8: POST07 | B8: Giả danh người thân | C8: Tài khoản của mẹ bạn nhắn mượn tiền nhưng cách nói khác thường. Bạn nên làm gì? | D8: Chuyển vì đúng tài khoản | E8: Gọi trực tiếp cho mẹ hoặc người thân khác để xác minh | F8: Hỏi số tài khoản rồi chuyển | G8: Gửi ảnh CCCD để xác nhận | H8: B
A9: POST08 | B9: Giả danh người thân | C9: Bạn thân nhắn từ tài khoản mới xin mã đăng nhập mạng xã hội. Cách xử lý? | D9: Gửi vì họ nói đúng tên bạn | E9: Không gửi mã; liên hệ bạn qua kênh quen thuộc | F9: Gửi sau 5 phút | G9: Cho mượn mật khẩu thay vì mã | H9: B
A10: POST09 | B10: Giả danh tổ chức | C10: Tin tự xưng “bưu điện” yêu cầu nhập thông tin thẻ để nhận bưu phẩm chưa rõ nguồn. Bạn nên làm gì? | D10: Nhập để kiểm tra | E10: Tra cứu qua kênh bưu điện chính thức, không nhập thông tin trên link lạ | F10: Thanh toán thử | G10: Gửi mã OTP sau | H10: B
A11: POST10 | B11: Giả danh tổ chức | C11: Một tài khoản dùng logo trường thông báo “đóng quỹ ngay vào tài khoản cá nhân”. Bạn nên làm gì? | D11: Chuyển ngay | E11: Xác minh với giáo viên/nhà trường bằng kênh chính thức | F11: Chuyển ít trước | G11: Hỏi chính tài khoản đó xem có thật không | H11: B
A12: POST11 | B12: Việc làm/đầu tư | C12: Tin việc làm online hứa 1 triệu/ngày nhưng yêu cầu mua “gói nhiệm vụ” trước. Bạn nên đánh giá thế nào? | D12: Cơ hội tốt | E12: Rủi ro cao vì yêu cầu trả tiền trước | F12: An toàn nếu số tiền nhỏ | G12: Chỉ cần xem bình luận là đủ | H12: B
... A21: POST20 | B21: Đánh giá thông điệp an toàn | C21: Khi một tin nhắn vừa hấp dẫn vừa thúc giục bạn hành động, cách tốt nhất là gì? | D21: Làm ngay trước khi hết hạn | E21: Dừng lại, kiểm tra nguồn và xác minh độc lập trước khi hành động | F21: Tin nếu nhiều biểu tượng cảm xúc | G21: Chỉ hỏi chính người gửi | H21: B

Sheet KET_QUA
A1: Mã HS | B1: Nhóm | C1: Pre (0-20) | D1: Post (0-20) | E1: Mức tăng | F1: Pre % | G1: Post % | H1: Tăng điểm % | I1: Ghi chú
A2: TN_01 | B2: Thực nghiệm | E2: =IF(OR(C2="",D2=""),"",D2-C2) | F2: =IF(C2="","",C2/20) | G2: =IF(D2="","",D2/20) | H2: =IF(OR(F2="",G2=""),"",G2-F2)
A3: TN_02 | B3: Thực nghiệm | E3: =IF(OR(C3="",D3=""),"",D3-C3) | F3: =IF(C3="","",C3/20) | G3: =IF(D3="","",D3/20) | H3: =IF(OR(F3="",G3=""),"",G3-F3)
A4: TN_03 | B4: Thực nghiệm | E4: =IF(OR(C4="",D4=""),"",D4-C4) | F4: =IF(C4="","",C4/20) | G4: =IF(D4="","",D4/20) | H4: =IF(OR(F4="",G4=""),"",G4-F4)
A5: TN_04 | B5: Thực nghiệm | E5: =IF(OR(C5="",D5=""),"",D5-C5) | F5: =IF(C5="","",C5/20) | G5: =IF(D5="","",D5/20) | H5: =IF(OR(F5="",G5=""),"",G5-F5)
A6: TN_05 | B6: Thực nghiệm | E6: =IF(OR(C6="",D6=""),"",D6-C6) | F6: =IF(C6="","",C6/20) | G6: =IF(D6="","",D6/20) | H6: =IF(OR(F6="",G6=""),"",G6-F6)
A7: TN_06 | B7: Thực nghiệm | E7: =IF(OR(C7="",D7=""),"",D7-C7) | F7: =IF(C7="","",C7/20) | G7: =IF(D7="","",D7/20) | H7: =IF(OR(F7="",G7=""),"",G7-F7)
A8: TN_07 | B8: Thực nghiệm | E8: =IF(OR(C8="",D8=""),"",D8-C8) | F8: =IF(C8="","",C8/20) | G8: =IF(D8="","",D8/20) | H8: =IF(OR(F8="",G8=""),"",G8-F8)
A9: TN_08 | B9: Thực nghiệm | E9: =IF(OR(C9="",D9=""),"",D9-C9) | F9: =IF(C9="","",C9/20) | G9: =IF(D9="","",D9/20) | H9: =IF(OR(F9="",G9=""),"",G9-F9)
A10: TN_09 | B10: Thực nghiệm | E10: =IF(OR(C10="",D10=""),"",D10-C10) | F10: =IF(C10="","",C10/20) | G10: =IF(D10="","",D10/20) | H10: =IF(OR(F10="",G10=""),"",G10-F10)
A11: TN_10 | B11: Thực nghiệm | E11: =IF(OR(C11="",D11=""),"",D11-C11) | F11: =IF(C11="","",C11/20) | G11: =IF(D11="","",D11/20) | H11: =IF(OR(F11="",G11=""),"",G11-F11)
A12: TN_11 | B12: Thực nghiệm | E12: =IF(OR(C12="",D12=""),"",D12-C12) | F12: =IF(C12="","",C12/20) | G12: =IF(D12="","",D12/20) | H12: =IF(OR(F12="",G12=""),"",G12-F12)
A13: TN_12 | B13: Thực nghiệm | E13: =IF(OR(C13="",D13=""),"",D13-C13) | F13: =IF(C13="","",C13/20) | G13: =IF(D13="","",D13/20) | H13: =IF(OR(F13="",G13=""),"",G13-F13)
... A61: DC_30 | B61: Đối chứng | E61: =IF(OR(C61="",D61=""),"",D61-C61) | F61: =IF(C61="","",C61/20) | G61: =IF(D61="","",D61/20) | H61: =IF(OR(F61="",G61=""),"",G61-F61)

Sheet TONG_HOP
A1: TỔNG HỢP KẾT QUẢ THỰC NGHIỆM
A3: Nhóm | B3: Số HS có Pre | C3: Điểm TB Pre | D3: Số HS có Post | E3: Điểm TB Post | F3: Mức tăng TB
A4: Thực nghiệm | B4: =COUNTIFS(KET_QUA!$B$2:$B$61,A4,KET_QUA!$C$2:$C$61,">=0") | C4: =IFERROR(AVERAGEIF(KET_QUA!$B$2:$B$61,A4,KET_QUA!$C$2:$C$61),"") | D4: =COUNTIFS(KET_QUA!$B$2:$B$61,A4,KET_QUA!$D$2:$D$61,">=0") | E4: =IFERROR(AVERAGEIF(KET_QUA!$B$2:$B$61,A4,KET_QUA!$D$2:$D$61),"") | F4: =IF(OR(C4="",E4=""),"",E4-C4)
A5: Đối chứng | B5: =COUNTIFS(KET_QUA!$B$2:$B$61,A5,KET_QUA!$C$2:$C$61,">=0") | C5: =IFERROR(AVERAGEIF(KET_QUA!$B$2:$B$61,A5,KET_QUA!$C$2:$C$61),"") | D5: =COUNTIFS(KET_QUA!$B$2:$B$61,A5,KET_QUA!$D$2:$D$61,">=0") | E5: =IFERROR(AVERAGEIF(KET_QUA!$B$2:$B$61,A5,KET_QUA!$D$2:$D$61),"") | F5: =IF(OR(C5="",E5=""),"",E5-C5)
